Individual,Mean,CI95_bottom,CI95_up
JY7,0.0,0.0,0.0
JY6,0.0106382978723404,0.0104188378297679,0.0108577579149128
85D_2,0.2797619047619047,0.2774111276455026,0.2821126818783069
85D_1,0.2703862660944206,0.2687267640983871,0.2720457680904541
