Individual,Mean,CI95_bottom,CI95_up
JY12,0.18181818181818182,0.17850488354620586,0.18513148009015779
