Individual,Mean,CI95_bottom,CI95_up
JY13,0.17391304347826086,0.169832059395633,0.17799402756088872
