Individual,Mean,CI95_bottom,CI95_up
LAOS-TNH2,0.00641025641025641,0.006383582129390808,0.0064369306911220125
