Individual,Mean,CI95_bottom,CI95_up
85D_2,0.27976190476190477,0.27741112764550263,0.2821126818783069
