Individual,Mean,CI95_bottom,CI95_up
85D_1,0.2703862660944206,0.26872676409838714,0.2720457680904541
