Individual,Mean,CI95_bottom,CI95_up
JY6,0.010638297872340425,0.01041883782976797,0.01085775791491288
