Individual,Sex,rAMELY_mean,rAMELY_CI95_bottom,rAMELY_CI95_up
JY12,M,0.1818181818181818,0.1785048835462058,0.1851314800901577
JY13,M,0.1739130434782608,0.169832059395633,0.1779940275608887
PID24,F,0.0,0.0,0.0
LAOS-TNH2,F,0.0064102564102564,0.0063835821293908,0.006436930691122
